group_id	member_item_ids	type_disposition	variation_axis_1	variation_axis_2	observed_trap	importance_source_axis	common_types_disposition	catalog_disposition
DIAG-G01	W-01,S-02	재사용 진단군: SM2-08 평행·수직 조건	직선 제시 방식: 기준 일반형 직선과 통과점 ↔ 미정계수 두 직선	요구값: 직선 방정식 ↔ 두 계수의 조합값	일반형 기울기 부호, 음의 역수, 평행 조건을 서로 바꾸는 오류	기출축 ★(2025-2M 1회; W-01,S-02) / 부교재축 SM2-08 ★★(2문항; math2.md:147-153)	C-05는 채점조건 부재로 insufficient이며 서술형·단답형 형식만 관찰; C-09 구하시오형 강화	SM2-08 actual-exam diff 후보; no pNN이라 status와 frequency 변경 HOLD
DIAG-G02	W-02,S-06	재사용 진단군: 원 결정 단계 공유; W-02는 SM2-15, S-06은 SM2-15 후 SM2-19	원 결정 정보: 지름 양 끝점 ↔ 기존 중심과 통과점	최종 요구: 원의 방정식 ↔ 좌표축이 만드는 현의 길이	지름과 반지름, 중심 부호, 중심-축 거리와 반현을 혼동하는 오류	기출축 ★(2025-2M 1회; W-02,S-06) / 부교재축 SM2-15 ★★, SM2-19 ★★(math2.md:234-242,275-281)	C-05 insufficient·형식만 관찰; C-09 구하시오형 강화	SM2-15와 SM2-19의 단계 결합 evidence로만 유지; 단일 canonical type 주장은 하지 않으며 no pNN HOLD
DIAG-G03	W-03,S-15	재사용 진단군: SM2-31 이동 합성과 식 표현	합성 방식: 평행이동 후 x축 대칭 ↔ 평행이동·축대칭·좌표교환 후보 판정	응답 구조: 최종 원의 방정식 직접 작성 ↔ f(x,y) 식 ㄱ~ㅁ 복수판정	합성 순서, 대칭 부호, 도형 이동과 식 대입의 반대 방향을 혼동하는 오류	기출축 ★(2025-2M 1회; W-03,S-15) / 부교재축 SM2-31 ★★(2문항; math2.md:407-415)	C-05 insufficient·형식만 관찰; S-15는 C-01 exact match가 아니며 C-09의 수학 ㄱㄴㄷ 0건 문구와 경계 evidence	SM2-31 actual-exam diff 후보와 C-01/C-09 decision request; no pNN HOLD
DIAG-G04	W-04	단독 primary-generator 진단군: SM2-27 포물선 이동 역추적 + SM2-11 평행선 거리	이동량 제시: 두 포물선의 정점 비교 ↔ 직접 이동벡터 제시	후속 요구: 이동된 직선의 상 ↔ 원래 직선과의 거리·절편·넓이	계수 비교로 이동량을 오판하거나 직선 이동식 부호와 거리 분모를 틀리는 오류	기출축 ★(2025-2M 1회; W-04) / 부교재축 SM2-27 ★★, SM2-11 ★★(math2.md:176-183,363-369)	C-05 insufficient·서술형 형식만 관찰; C-09 방정식·구하시오형 강화	SM2-27 primary generator와 SM2-11 보조 결합 diff 후보; source span은 transcript.md:44-48; no pNN HOLD
DIAG-G05	S-03	단독 primary-generator 진단군: SM2-26 점의 평행이동	이동벡터: 양·음 방향과 x·y 성분 변경	이동 후 조건: 특정 직선 위 ↔ 축 위·특수점 관계	음의 이동 방향을 반대로 적용하거나 원래 점을 이동 후 조건식에 대입하는 오류	기출축 ★(2025-2M 1회; S-03) / 부교재축 SM2-26 ★★(2문항; math2.md:354-360)	C-05 insufficient·단답 형식만 관찰; C-09 구하시오형 강화	SM2-26 actual-exam diff 후보; SM2-27/31과 합치지 않으며 no pNN HOLD
DIAG-G06	S-01,S-04	재사용 진단군: SM2-03 내분점; S-04는 SM2-08 후속 결합	내분점 역할: 좌표 직접 요구 ↔ 수직 직선의 통과점으로 사용	조건 깊이: 내분비만 ↔ 내분 뒤 기울기·절편 결정	내분 가중치 순서를 뒤집거나 수직 기울기와 절편 조건을 누락하는 오류	기출축 ★(2025-2M 1회; S-01,S-04) / 부교재축 SM2-03 ★★, SM2-08 ★★(math2.md:78-86,147-153)	C-05 insufficient·단답 형식만 관찰; C-09 구하시오형 강화	SM2-03 직접형과 SM2-08 후속 결합 diff 후보; S-18은 이 군에서 제외; no pNN HOLD
DIAG-G07	S-05	단독 decision-request 진단군: 매개변수 직선 교점의 사분면 범위	매개변수 배치: 기울기 ↔ 절편·일반형 계수	영역 조건: 제1사분면 ↔ 다른 사분면·반평면과 strict boundary	교점 유리식의 분모 부호, 축 제외, 두 부등식 교집합을 누락하는 오류	기출축 ★(2025-2M 1회; S-05) / 부교재축 exact match 미확인, 인접 SM2-07 ★★(math2.md:137-145)	C-05 insufficient·단답 형식만 관찰; C-09 범위형과 E5 경계 evidence	SM2-07 확장과 신규 유형 중 decision request; S-13과 합치지 않음; ID 미부여·no pNN HOLD
DIAG-G08	S-08,S-09	재사용 진단군: SM2-01 등거리·외심; S-09는 SM2-09 보조	등거리 대상: 삼각형 세 꼭짓점 ↔ 포물선과 직선의 두 교점	점의 자취·선별: 자유 평면 외심 ↔ 포물선 위 점과 양수 x좌표	등거리식의 이차항 상쇄, 수직이등분선, 양수 선별을 누락하는 오류	기출축 ★(2025-2M 1회; 같은 회차 S-08,S-09) / 부교재축 SM2-01 ★★, SM2-09 ★★★(math2.md:52-61,156-163)	C-05 insufficient·단답 형식만 관찰; C-09 구하시오형 강화	SM2-01 직접 외심형과 자취 결합형 diff 후보; 같은 회차 다문항으로 별 상향 금지; no pNN HOLD
DIAG-G09	S-11,S-16	재사용 진단군: SM2-12 각 이등분선; S-16은 SM2-21 접선 후속 결합	두 선 조건: 두 일반 직선에 동시 접함 ↔ x축과 주어진 직선의 예각 이등분	선별·요구: 고정 x좌표로 두 중심 선별 ↔ 제1사분면 접점과 접선 y절편	플러스·마이너스 이등분선, 예각·사분면 가지, 접점 공식을 잘못 선택하는 오류	기출축 ★(2025-2M 1회; S-11,S-16) / 부교재축 SM2-12 ★★, SM2-21 ★★(math2.md:187-195,293-300)	C-05 insufficient·단답 형식만 관찰; C-09 구하시오형 강화	SM2-12 actual-exam 변형과 SM2-21 후속 결합 diff 후보; S-17은 이 군에서 제외; no pNN HOLD
DIAG-G20	S-07	단독 primary-generator 진단군: SM2-25 원 위 점의 거리 극값 + SM2-11 점-직선 거리	극값 대상: 원 위 점과 고정 직선 사이 거리 ↔ 그 거리가 결정하는 정삼각형의 높이	요구값: 넓이의 최댓값·최솟값 ↔ 두 값의 차·합	중심-직선 거리에 반지름 가감을 누락하거나 정삼각형의 변과 높이 관계를 뒤집는 오류	기출축 ★(2025-2M 1회; S-07) / 부교재축 SM2-25 ★★(math2.md:337-343), SM2-11 ★★(math2.md:176-183)	C-05 insufficient·단답 형식만 관찰; C-09 구하시오형 강화	SM2-25 주축 + SM2-11 보조 결합 diff 후보; S-10·S-12와 합치지 않음(거리 극값 ≠ 대칭 최단 ≠ 역삼각 상한); no pNN HOLD
DIAG-G21	S-10	단독 primary-generator 진단군: SM2-33 대칭점을 이용한 최단경로	대칭축 구성: x축과 직선 y=x의 연속 대칭 ↔ 단일 축·다른 직선	요구 구조: 세 구간 경로 길이의 최솟값 ↔ 경유점의 좌표	어느 점을 어느 축에 대칭할지 뒤바꾸거나 대칭 순서와 경로 꼭짓점 순서를 혼동하는 오류	기출축 ★(2025-2M 1회; S-10) / 부교재축 SM2-33 ★★★(math2.md:439-452)	C-05 insufficient·단답 형식만 관찰; C-09 구하시오형 강화	SM2-33 actual-exam diff 후보; S-07·S-12와 합치지 않음; no pNN HOLD
DIAG-G22	S-12	단독 decision-request 진단군: 축 위를 움직이는 점의 거리차 극값	동점의 자취: x축 위 ↔ 다른 직선·원 위	극값 종류: 두 거리 차의 최댓값(역삼각부등식 상한) ↔ 두 거리 합의 최솟값(대칭 전개)	삼각부등식과 역삼각부등식을 혼동하거나 상한만 구하고 x축 위에서 등호가 성립하는지 확인하지 않는 오류	기출축 ★(2025-2M 1회; S-12) / 부교재축 exact match 미확인, 인접 SM2-02 ★★(math2.md:65-74)	C-05 insufficient·단답 형식만 관찰; C-09 구하시오형과 E5 경계 evidence	SM2-02 확장과 신규 유형 중 decision request; S-10과 합치지 않음(대칭 최소와 역삼각 최대는 solve-path가 다름); ID 미부여·no pNN HOLD
DIAG-G23	S-13	단독 primary-generator 진단군: SM2-10 직선 다발 + SM2-11 점-직선 거리	매개 형태: 두 고정 직선의 선형결합으로 주어진 다발 ↔ 정점을 명시한 회전 직선	요구값: 고정점에서 직선까지 거리의 최댓값 ↔ 최댓값을 주는 매개변수·수직 방향	거리식을 매개변수로 직접 최적화하다 다발 구조를 놓치거나 공통점과 최대 방향(수직)을 혼동하는 오류	기출축 ★(2025-2M 1회; S-13) / 부교재축 SM2-10 ★★, SM2-11 ★★(math2.md:166-183)	C-05 insufficient·단답 형식만 관찰; C-09 구하시오형 강화	SM2-10 주축 + SM2-11 보조 결합 diff 후보; S-05와 합치지 않음(교점의 영역 조건 ≠ 다발의 거리 극값); no pNN HOLD
DIAG-G24	S-14	단독 primary-generator 진단군: SM2-18 원과 직선의 위치 관계 (SM2-25 보조)	매개 대상: 원점을 지나는 기울기 매개 ↔ 절편 매개·중심 이동	요구값: 정수 기울기별 교점 개수의 총합 ↔ 접선이 되는 기울기·허용 범위	접선 끝값을 두 점으로 세거나 두 점에서 만나는 기울기를 한 점으로 세고 허용 기울기 경계 포함을 잘못 판정하는 오류	기출축 ★(2025-2M 1회; S-14) / 부교재축 SM2-18 ★★(math2.md:266-272)	C-05 insufficient·단답 형식만 관찰; C-09 구하시오형 강화	SM2-18 주축 diff 후보 — 260828 라운드에서 SM2-25 주축 오분류를 정정한 결과이며 SM2-25는 개수 요구의 보조 축으로만 남긴다; no pNN HOLD
DIAG-G25	S-18	단독 decision-request 진단군: 내분·수직·넓이 선별의 복합 좌표기하	결합 요소: 내분점과 원 위 점의 관계 ↔ 수직 교점과 사각형 넓이	선별 조건: 기울기 상한으로 해를 선별 ↔ 사분면·넓이 값으로 선별	2:1 내분에서 OP와 PQ의 순서를 뒤집거나 사각형 넓이 분해와 기울기 선별 조건을 누락하는 오류	기출축 ★(2025-2M 1회; S-18) / 부교재축 exact match 미확인; SM2-03·SM2-08은 구성요소로만 관찰(math2.md:78-86,147-153)	C-05 insufficient·단답 형식만 관찰; C-09 구하시오형 강화	재사용 가능한 단일 solve-path invariant 미확정이므로 SM2-13 일치는 주장하지 않는다; decision request; ID 미부여·no pNN HOLD
BLOCKED-G12	S-17	BLOCKED exact-cover bucket only; source defect item이며 reusable type가 아님	BLOCKED — f 정의 부재로 observed variation axis를 설정하지 않음	BLOCKED — 완결 발문과 solve-path가 없어 두 번째 variation axis도 주장하지 않음	정의되지 않은 f를 외부 관행이나 정답으로 보충해 완결 문항처럼 분류하는 치명적 오류	BLOCKED — 기출·부교재 importance evidence에서 제외; partial geometry를 빈도 근거로 사용하지 않음	C-05와 C-09 disposition 모두 BLOCKED; source defect item을 공통형 evidence로 사용하지 않음	BLOCKED — f 정의 복구 전 assignment, Tier, catalog disposition, generation readiness 모두 보류
