item_id	type_id	invariant	non_numeric_axis_1	non_numeric_axis_2	structural_difference	nearest_prior	verdict
7	SM2-07	두 점이 정하는 직선의 기울기와 절편을 일관되게 계산한다	매개변수 공선성의 근을 찾는 조건 대신 두 고정점을 통한 직선 결정	근의 합이나 넓이 대신 결정된 직선의 y절편을 직접 추출	이차 공선 방정식과 근과 계수 관계를 쓰는 선행 문항들과 달리 한 직선의 유일 결정에서 절편으로 곧장 이동하는 T1 경로이다	catalog SM2-07 representative #2-1/#2-6; prior A #8; prior B #4; P1 none	PASS
8	SM2-08	수선의 발은 주어진 직선 위에 있으면서 원래 점과 잇는 선분에 수직이다	직선이 주어진 순방향 투영 대신 y축 위의 미지 수선의 발에서 직선을 역결정	두 후보 수선의 발을 길이 부등식으로 선별하는 분기 조건	고정 직선에 발을 내리는 선행 문항들과 달리 내적 조건으로 축 위의 두 후보를 만든 뒤 거리 비교로 하나를 골라 직선을 복원한다	catalog SM2-08 representative #2-9/#2-10; prior A #7; prior B #8; P1 none	PASS
9	SM2-10	두 기준 직선의 교점을 지나는 직선은 그 교점 조건과 추가 조건으로 결정된다	거리나 기울기 추가 조건 대신 두 축 절편의 상등을 사용	직선들을 모두 열거하는 목표 대신 유일한 절편형 직선의 방정식을 결정	거리 조건의 직선 다발에서 여러 해를 찾는 prior A와 고정점 가족을 찾는 prior B를 피하고 교점 계산 뒤 절편형의 구조 조건으로 유일 직선을 정한다	catalog SM2-10 representative #2-5/#2-15; prior A #10; prior B #11; P1 none	PASS
10	SM2-11	점과 직선 사이의 거리는 법선식의 절댓값을 법선벡터 크기로 나누어 구한다	하나의 곡선 최적화 대신 두 좌표축까지의 거리비로 점의 자취를 먼저 결정	거리 방정식의 두 후보를 지정 반평면으로 선별한 뒤 원점 거리 제곱을 산출	포물선 최소거리나 평행선 접원과 달리 축 거리비 자취와 직선 거리 절댓값을 결합하고 반평면 판정이 최종 좌표와 목표값을 바꾼다	catalog SM2-11 representative #2-13/#2-14; prior A #14; prior B #8/#23; P1 #20	PASS
11	SM2-12	두 직선까지의 거리 상등은 정규화한 두 직선식의 양·음 부호로 두 각의 이등분선을 만든다	고정된 두 직선의 등거리점을 찾는 순방향 조건 대신 한 이등분선의 점 통과와 기울기로 미지 직선의 상수항을 역결정	보조 직선 위 두 점의 좌표 집계 대신 선택되지 않은 다른 각의 이등분선 방정식을 복원	prior A의 고정 이등분선 두 개와 x축 교점 계산을 피하고 양의 기울기 가지가 지나는 점으로 원래 직선의 매개변수를 정한 뒤 음의 기울기 가지를 새로 구성한다	catalog SM2-12 representative #2-11/#2-23; prior A #12; prior B #20; P1 none	PASS
13	SM2-13	공통 밑변 또는 좌표 행렬식으로 삼각형 넓이와 점의 위치를 연결한다	꼭짓점에서 대변을 직접 내분하는 대신 내부 선분 위 중간점 Q의 넓이로 광선을 역결정	원래 삼각형 분할비 대신 두 연속 교점 뒤 생기는 작은 삼각형 CPQ의 넓이를 산출	넓이로 Q를 정하고 AQ와 BC의 교점 P를 복원한 뒤 새 행렬식 넓이를 구하는 연쇄로 prior의 중선·직접 내분·절편 삼각형과 겹치지 않는다	catalog SM2-13 representative #2-2/#2-3/#2-17/#2-19; prior A #11/#16; prior B #18; P1 none	PASS
14	SM2-14	매개변수 직선 가족의 항등식 계수에서 고정점을 찾고 선분을 만나는 방향 범위를 판정한다	한 선분과의 만남 대신 고정점을 가로지르는 서로 다른 두 선분의 방향 가능 범위를 교차	기울기 범위의 정수 개수나 합을 바로 구하는 대신 매개변수 유리변환과 수직선 누락 분기를 함께 처리	고정점 도출 뒤 두 비연결 기울기 집합을 각각 만들고 세 구간을 교차하며 k=2 수직선을 별도 복구하는 여섯 단계 경로라 단일 선분 prior와 다르다	catalog SM2-14 representative #2-18/#2-22; prior A #13; prior B #11; P1 none	PASS
15	SM2-11	점과 직선 사이의 고정 거리 조건은 자취의 각 가지에서 법선식 절댓값 방정식으로 푼다	포물선 위 거리의 최솟값을 찾는 최적화 대신 절댓값 그래프와 고정 거리 평행선들의 교점을 역으로 결정	최솟값과 최적점의 결합값 대신 서로 다른 두 가지에서 얻은 두 해점 사이의 선분 길이를 산출	prior A #14의 완전제곱 최소화와 최적점 회복을 쓰지 않고 두 선형 가지별 거리 수준 방정식을 풀어 두 점의 완전성을 확인한 뒤 두 점 사이 거리를 계산한다	catalog SM2-11 curve-kind/condition-direction axes; prior A #14; prior B #23; P1 #20; W1-I2 #10	PASS
16	SM2-13	두 축 절편으로 생기는 삼각형의 넓이는 절편곱 절댓값의 절반이다	하나의 양의 절편 삼각형 대신 절편 부호가 같은 경우와 다른 경우를 모두 포함	한 직선이나 넓이를 구하는 대신 세 직선의 기울기 합을 근과 계수 관계로 집계	같은 묶음의 13번이 내부 교점 연쇄인 것과 달리 절편형 역산에서 ab의 양음 두 분기를 모두 풀고 무리수 근을 직접 쓰지 않고 기울기 대칭합을 구하는 T4 경로이다	catalog SM2-13 representative #2-17; prior A #16; prior B #18; P1 none; W1-I2 #13	PASS
